<?xml version="1.0" encoding="UTF-8"?>
<urn:PluginConfiguration isInheritExtendedContractAttributes="false" name="testInstanceBadr" xmlns:urn="urn:sourceid.org:saml2:adapter:conf">
    <urn:Fields/>
    <urn:AdvancedFields/>
    <urn:Tables>
        <urn:Table name="Users">
            <urn:Row defaultRow="false">
                <urn:Field name="Username">aa</urn:Field>
                <urn:Field name="Password">A60FEVnV5YWbcna3sF9d6rIMnVWksfa3ZKhtb9Dpc7M.A0CK1_aH.2</urn:Field>
                <urn:Field name="Confirm Password">-Ci82OUG-ibuji6nB9ZBbGBWlrYxvnFgQvSBuvAICIA.D4RsqrLC.2</urn:Field>
                <urn:Field name="Relax Password Requirements">true</urn:Field>
            </urn:Row>
        </urn:Table>
    </urn:Tables>
</urn:PluginConfiguration>